id,date,text,rating,category,source
223,2024-09-22,This book gets the job done. The comfort is functional but basic. Perfect gift idea.,3,Books & Media,Amazon
362,2024-02-25,Really impressed with this charger. Great ease of use and excellent customer service too. Would buy again.,5,Clothing & Shoes,Twitter
395,2024-08-29,Best blender I've ever used. The performance works flawlessly and the quality is top-notch. Got it on sale.,5,Books & Media,Reddit
165,2024-01-22,Not worth the price. The user interface on this desk lamp is subpar at best.,1,Books & Media,Google Reviews
371,2024-09-02,This camera is a complete waste of money. The comfort broke within a week.,2,Electronics,Twitter
411,2024-03-04,Horrible experience with this mouse. The ease of use doesn't work at all. Great for the price.,1,Electronics,Amazon
149,2024-12-02,Average wireless earbuds. The sound quality is neither great nor terrible.,4,Books & Media,Twitter
78,2024-08-17,This tablet is a complete waste of money. The performance broke within a week.,1,Electronics,Twitter
491,2024-09-19,Really impressed with this tablet. Great camera quality and excellent customer service too. Not recommended.,4,Clothing & Shoes,Amazon
157,2024-08-07,Not bad but not great. This keyboard's screen display is just okay.,4,Health & Beauty,Yelp
274,2024-03-27,The backpack is fairly standard. The build quality performs adequately.,2,Clothing & Shoes,Google Reviews
84,2024-02-22,Five stars! This mouse is outstanding. The weight makes it worth every penny.,5,Electronics,Google Reviews
345,2024-10-01,This laptop stand gets the job done. The design is functional but basic.,3,Home & Kitchen,Yelp
228,2024-01-10,Not bad but not great. This running shoes's packaging is just okay.,3,Books & Media,Reddit
5,2024-08-23,Total disappointment. This camera and its sound quality are both garbage.,1,Health & Beauty,Twitter
225,2024-07-07,Could not be happier with my vacuum cleaner. The design alone makes it a great buy.,4,Home & Kitchen,Twitter
227,2024-09-25,Worst purchase ever. The build quality on this tablet is completely unusable.,1,Health & Beauty,Yelp
98,2024-01-19,Horrible experience with this smart watch. The user interface doesn't work at all. Got it on sale.,2,Books & Media,Twitter
276,2024-08-21,This speakers changed my life! The weight is revolutionary and so easy to use.,5,Home & Kitchen,Twitter
499,2024-10-23,Do not recommend this phone case. The camera quality keeps malfunctioning.,2,Books & Media,Google Reviews
240,2024-07-22,The build quality on this keyboard is second to none. Very satisfied with my purchase. Perfect gift idea.,4,Books & Media,Amazon
456,2024-07-05,Would give zero stars if I could. The user interface on this charger is a joke.,2,Electronics,Amazon
70,2024-12-12,It's an acceptable laptop stand. The connectivity could be better but it functions. Update: still works!,4,Books & Media,Yelp
341,2024-02-06,Horrible experience with this monitor. The comfort doesn't work at all. Perfect gift idea.,2,Health & Beauty,Twitter
159,2024-07-21,Do not recommend this monitor. The durability keeps malfunctioning. Would buy again.,1,Home & Kitchen,Reddit
13,2024-11-17,This laptop stand gets the job done. The performance is functional but basic. Great for the price.,3,Clothing & Shoes,Yelp
7,2024-02-21,The headphones is fairly standard. The durability performs adequately. Still testing it out.,3,Books & Media,Reddit
463,2024-12-02,The performance on this monitor is second to none. Very satisfied with my purchase.,5,Health & Beauty,Google Reviews
409,2024-02-03,Cheap quality running shoes. The battery life feels flimsy and unreliable. Still testing it out.,1,Home & Kitchen,Google Reviews
342,2024-12-15,Very poor quality laptop stand. The battery life stopped working after one use.,2,Clothing & Shoes,Yelp
39,2024-02-27,Save your money. This phone case has a terrible value that never works right.,1,Electronics,Amazon
209,2024-09-14,Extremely frustrated with this running shoes. The durability failed immediately.,1,Clothing & Shoes,Google Reviews
249,2024-05-06,I have an average opinion of this charger. The value is mediocre. Perfect gift idea.,3,Health & Beauty,Twitter
145,2024-08-04,Extremely frustrated with this keyboard. The value failed immediately. Overpriced for what you get.,1,Electronics,Reddit
8,2024-12-15,Average blender. The connectivity is neither great nor terrible. Got it on sale.,3,Electronics,Google Reviews
324,2024-09-20,Great value for money. This printer has an amazing build quality that works beautifully.,5,Electronics,Amazon
237,2024-12-14,I have an average opinion of this backpack. The packaging is mediocre.,3,Clothing & Shoes,Twitter
296,2024-11-04,Amazing backpack! I've been using it for weeks and the performance is just perfect.,5,Clothing & Shoes,Yelp
260,2024-05-05,The tablet is fairly standard. The speed performs adequately.,3,Electronics,Yelp
387,2024-01-01,Excellent purchase! This printer has the best durability in its category.,4,Electronics,Yelp
344,2024-10-01,Worst purchase ever. The sound quality on this smart watch is completely unusable. Overpriced for what you get.,1,Health & Beauty,Google Reviews
494,2024-06-11,Amazing speakers! I've been using it for weeks and the design is just perfect.,4,Books & Media,Yelp
271,2024-04-14,Not bad but not great. This phone case's connectivity is just okay.,2,Home & Kitchen,Reddit
451,2024-01-28,I have an average opinion of this mouse. The weight is mediocre.,4,Electronics,Amazon
79,2024-07-07,I'm so glad I bought this headphones. The packaging is superb and it looks great too.,5,Books & Media,Google Reviews
122,2024-05-31,Average desk lamp. The comfort is neither great nor terrible.,3,Home & Kitchen,Yelp
128,2024-02-29,Absolutely love this keyboard! The weight is incredible and it exceeded all my expectations. Still testing it out.,5,Clothing & Shoes,Twitter
126,2024-05-14,Mixed feelings about this coffee maker. The connectivity has pros and cons.,3,Health & Beauty,Yelp
54,2024-02-07,This desk lamp gets the job done. The performance is functional but basic.,4,Books & Media,Yelp
480,2024-11-10,Terrible monitor. The performance stopped working after just a few days.,1,Health & Beauty,Amazon
473,2024-04-25,I'm so glad I bought this speakers. The speed is superb and it looks great too.,5,Home & Kitchen,Google Reviews
174,2024-08-12,Mixed feelings about this tablet. The ease of use has pros and cons.,3,Electronics,Yelp
467,2024-11-28,I'm so glad I bought this monitor. The screen display is superb and it looks great too.,4,Clothing & Shoes,Google Reviews
364,2024-11-04,Mixed feelings about this running shoes. The sound quality has pros and cons.,3,Electronics,Amazon
205,2024-02-07,Decent charger. The ease of use does what it's supposed to do.,4,Clothing & Shoes,Reddit
143,2024-03-19,Decent laptop stand. The sound quality does what it's supposed to do.,2,Books & Media,Twitter
161,2024-02-08,I regret buying this vacuum cleaner. The ease of use is poorly designed.,1,Clothing & Shoes,Yelp
407,2024-03-09,Mixed feelings about this smart watch. The packaging has pros and cons.,3,Home & Kitchen,Yelp
224,2024-11-11,Amazing book! I've been using it for weeks and the weight is just perfect.,5,Home & Kitchen,Google Reviews
441,2024-09-09,I have an average opinion of this laptop stand. The screen display is mediocre.,3,Clothing & Shoes,Twitter
319,2024-03-27,Top quality mouse. The screen display works perfectly and shipping was fast too.,5,Books & Media,Google Reviews
152,2024-08-05,Excellent purchase! This printer has the best camera quality in its category. Overpriced for what you get.,4,Books & Media,Google Reviews
477,2024-12-28,Do not recommend this backpack. The sound quality keeps malfunctioning.,1,Home & Kitchen,Google Reviews
110,2024-03-20,Very poor quality smart watch. The user interface stopped working after one use.,1,Electronics,Yelp
313,2024-06-29,Worst purchase ever. The sound quality on this keyboard is completely unusable.,2,Books & Media,Google Reviews
287,2024-09-08,I have an average opinion of this camera. The packaging is mediocre. Perfect gift idea.,3,Clothing & Shoes,Reddit
495,2024-07-05,Really impressed with this wireless earbuds. Great user interface and excellent customer service too. Still testing it out.,5,Home & Kitchen,Yelp
178,2024-05-25,This charger is a complete waste of money. The comfort broke within a week.,1,Electronics,Amazon
376,2024-06-30,It's an acceptable vacuum cleaner. The user interface could be better but it functions.,3,Clothing & Shoes,Amazon
11,2024-08-22,Really impressed with this tablet. Great camera quality and excellent customer service too.,4,Clothing & Shoes,Reddit
16,2024-03-19,Save your money. This book has a terrible battery life that never works right.,1,Home & Kitchen,Amazon
412,2024-06-25,Awful laptop stand. The design is broken out of the box and customer service won't help.,2,Clothing & Shoes,Reddit
317,2024-07-15,Not worth the price. The packaging on this mouse is subpar at best.,1,Health & Beauty,Google Reviews
458,2024-10-07,Decent phone case. The durability does what it's supposed to do.,2,Health & Beauty,Reddit
381,2024-02-07,This coffee maker gets the job done. The user interface is functional but basic. Not recommended.,2,Home & Kitchen,Yelp
116,2024-05-27,Decent charger. The value does what it's supposed to do.,3,Health & Beauty,Amazon
493,2024-10-24,Amazing running shoes! I've been using it for weeks and the connectivity is just perfect. Perfect gift idea.,4,Books & Media,Reddit
27,2024-01-31,Terrible camera. The camera quality stopped working after just a few days.,1,Clothing & Shoes,Yelp
167,2024-09-24,Mixed feelings about this headphones. The design has pros and cons. Had to return it.,4,Health & Beauty,Amazon
402,2024-09-23,Very poor quality speakers. The packaging stopped working after one use. Not recommended.,2,Books & Media,Twitter
291,2024-11-01,Superb camera with an excellent battery life. Would definitely buy again! Got it on sale.,4,Health & Beauty,Reddit
238,2024-09-01,Mixed feelings about this keyboard. The build quality has pros and cons.,3,Clothing & Shoes,Reddit
64,2024-09-30,This vacuum cleaner gets the job done. The battery life is functional but basic. Got it on sale.,4,Electronics,Yelp
25,2024-08-04,I regret buying this tablet. The sound quality is poorly designed.,1,Clothing & Shoes,Reddit
160,2024-06-27,Do not recommend this coffee maker. The comfort keeps malfunctioning. Not recommended.,1,Home & Kitchen,Amazon
35,2024-11-09,Not worth the price. The design on this blender is subpar at best.,2,Health & Beauty,Twitter
460,2024-06-22,Absolutely love this vacuum cleaner! The screen display is incredible and it exceeded all my expectations.,4,Electronics,Yelp
365,2024-09-19,The backpack works fine. The battery life meets basic requirements.,3,Electronics,Reddit
107,2024-08-21,It's an acceptable vacuum cleaner. The performance could be better but it functions. Got it on sale.,3,Home & Kitchen,Amazon
405,2024-11-07,Cheap quality monitor. The connectivity feels flimsy and unreliable. Great for the price.,2,Books & Media,Twitter
280,2024-06-02,Decent camera. The performance does what it's supposed to do. Great for the price.,3,Electronics,Twitter
171,2024-01-10,Worst purchase ever. The user interface on this desk lamp is completely unusable.,2,Home & Kitchen,Reddit
384,2024-01-17,Mixed feelings about this speakers. The connectivity has pros and cons.,4,Clothing & Shoes,Google Reviews
420,2024-01-19,Would give zero stars if I could. The user interface on this desk lamp is a joke.,1,Health & Beauty,Google Reviews
182,2024-03-17,I'm so glad I bought this printer. The screen display is superb and it looks great too.,4,Health & Beauty,Google Reviews
403,2024-10-25,This coffee maker changed my life! The design is revolutionary and so easy to use.,5,Electronics,Twitter
416,2024-11-15,Best wireless earbuds I've ever used. The value works flawlessly and the quality is top-notch.,5,Books & Media,Google Reviews
195,2024-11-10,"The laptop stand is okay. The performance works as expected, nothing special. Not recommended.",2,Books & Media,Reddit
382,2024-08-11,Average blender. The value is neither great nor terrible. Perfect gift idea.,3,Books & Media,Reddit
37,2024-04-14,Excellent purchase! This smart watch has the best build quality in its category. Got it on sale.,5,Home & Kitchen,Google Reviews
32,2024-06-10,Not worth the price. The connectivity on this monitor is subpar at best. Not recommended.,2,Home & Kitchen,Amazon
468,2024-10-19,This printer is a complete waste of money. The battery life broke within a week.,2,Books & Media,Google Reviews
446,2024-02-27,Would give zero stars if I could. The screen display on this backpack is a joke.,1,Clothing & Shoes,Twitter
147,2024-10-14,Not worth the price. The battery life on this blender is subpar at best.,1,Health & Beauty,Google Reviews
293,2024-03-15,Could not be happier with my smart watch. The packaging alone makes it a great buy. Would buy again.,5,Electronics,Amazon
288,2024-11-12,Decent laptop stand. The camera quality does what it's supposed to do. Not recommended.,3,Home & Kitchen,Amazon
46,2024-02-25,Mixed feelings about this monitor. The packaging has pros and cons.,3,Health & Beauty,Yelp
449,2024-12-26,This tablet gets the job done. The user interface is functional but basic.,3,Health & Beauty,Google Reviews
172,2024-03-11,This coffee maker is a complete waste of money. The build quality broke within a week.,1,Clothing & Shoes,Twitter
326,2024-03-13,Not bad but not great. This camera's ease of use is just okay. Would buy again.,3,Health & Beauty,Reddit
137,2024-02-25,This speakers is fantastic! The build quality is exactly what I needed. Highly recommend!,5,Books & Media,Google Reviews
155,2024-08-08,Could not be happier with my blender. The connectivity alone makes it a great buy.,4,Clothing & Shoes,Amazon
140,2024-11-15,Top quality monitor. The performance works perfectly and shipping was fast too.,5,Health & Beauty,Google Reviews
393,2024-03-19,Terrible printer. The sound quality stopped working after just a few days. Perfect gift idea.,1,Electronics,Reddit
101,2024-09-05,Not worth the price. The connectivity on this speakers is subpar at best.,1,Electronics,Twitter
483,2024-09-30,This desk lamp is fantastic! The packaging is exactly what I needed. Highly recommend!,5,Electronics,Twitter
49,2024-06-02,Not bad but not great. This monitor's performance is just okay.,3,Health & Beauty,Reddit
363,2024-08-19,This coffee maker is a complete waste of money. The sound quality broke within a week. Update: still works!,1,Home & Kitchen,Yelp
34,2024-06-27,Horrible experience with this keyboard. The durability doesn't work at all.,1,Electronics,Amazon
197,2024-10-17,Really impressed with this charger. Great value and excellent customer service too. Would buy again.,5,Electronics,Google Reviews
175,2024-04-29,The mouse works fine. The speed meets basic requirements. Perfect gift idea.,3,Health & Beauty,Amazon
275,2024-12-08,Not bad but not great. This running shoes's connectivity is just okay. Not recommended.,3,Electronics,Twitter
356,2024-04-10,Worst purchase ever. The packaging on this wireless earbuds is completely unusable. Overpriced for what you get.,1,Health & Beauty,Amazon
139,2024-09-08,Total disappointment. This laptop stand and its user interface are both garbage.,1,Books & Media,Twitter
353,2024-05-18,Mixed feelings about this coffee maker. The build quality has pros and cons. Overpriced for what you get.,2,Electronics,Google Reviews
243,2024-05-31,Really impressed with this speakers. Great performance and excellent customer service too.,5,Health & Beauty,Amazon
138,2024-09-23,"The phone case is okay. The weight works as expected, nothing special.",3,Home & Kitchen,Yelp
300,2024-05-03,Top quality printer. The performance works perfectly and shipping was fast too. Perfect gift idea.,5,Home & Kitchen,Amazon
462,2024-09-04,Awful vacuum cleaner. The durability is broken out of the box and customer service won't help.,2,Health & Beauty,Amazon
63,2024-01-15,Wonderful camera - the durability is outstanding and the build quality is solid.,5,Books & Media,Reddit
124,2024-02-28,Really impressed with this tablet. Great performance and excellent customer service too.,5,Books & Media,Twitter
284,2024-07-22,Worst purchase ever. The connectivity on this vacuum cleaner is completely unusable.,1,Electronics,Reddit
114,2024-10-16,Really impressed with this laptop stand. Great performance and excellent customer service too.,5,Clothing & Shoes,Amazon
65,2024-04-03,Could not be happier with my monitor. The speed alone makes it a great buy.,5,Electronics,Reddit
379,2024-09-01,The speed on this speakers is second to none. Very satisfied with my purchase.,5,Electronics,Reddit
285,2024-10-03,Average laptop stand. The value is neither great nor terrible. Got it on sale.,3,Home & Kitchen,Yelp
30,2024-01-30,Average laptop stand. The sound quality is neither great nor terrible.,3,Health & Beauty,Twitter
489,2024-10-06,Five stars! This headphones is outstanding. The battery life makes it worth every penny.,5,Home & Kitchen,Amazon
370,2024-05-23,"The speakers is okay. The connectivity works as expected, nothing special.",2,Books & Media,Amazon
427,2024-06-19,"The wireless earbuds is okay. The ease of use works as expected, nothing special. Not recommended.",3,Clothing & Shoes,Reddit
19,2024-10-03,Cheap quality headphones. The ease of use feels flimsy and unreliable.,1,Clothing & Shoes,Reddit
28,2024-08-04,Average desk lamp. The design is neither great nor terrible.,2,Health & Beauty,Yelp
414,2024-01-05,Not worth the price. The battery life on this backpack is subpar at best. Perfect gift idea.,1,Books & Media,Amazon
373,2024-09-14,This backpack is a complete waste of money. The battery life broke within a week. Still testing it out.,2,Home & Kitchen,Yelp
298,2024-04-12,Really impressed with this blender. Great battery life and excellent customer service too.,5,Health & Beauty,Google Reviews
374,2024-01-30,Amazing vacuum cleaner! I've been using it for weeks and the connectivity is just perfect.,5,Books & Media,Google Reviews
470,2024-12-19,Great value for money. This blender has an amazing build quality that works beautifully. Great for the price.,4,Home & Kitchen,Amazon
255,2024-11-26,Not bad but not great. This charger's performance is just okay. Overpriced for what you get.,3,Books & Media,Reddit
450,2024-02-18,The headphones is fairly standard. The performance performs adequately. Overpriced for what you get.,4,Books & Media,Amazon
117,2024-12-19,Superb keyboard with an excellent speed. Would definitely buy again!,5,Home & Kitchen,Yelp
497,2024-09-06,Really impressed with this speakers. Great sound quality and excellent customer service too.,5,Health & Beauty,Twitter
58,2024-05-21,It's an acceptable smart watch. The ease of use could be better but it functions. Update: still works!,3,Health & Beauty,Yelp
394,2024-01-14,Not worth the price. The sound quality on this keyboard is subpar at best.,1,Clothing & Shoes,Amazon
254,2024-01-31,"The keyboard is okay. The packaging works as expected, nothing special. Not recommended.",4,Electronics,Yelp
437,2024-05-18,Top quality running shoes. The packaging works perfectly and shipping was fast too.,5,Health & Beauty,Google Reviews
150,2024-08-20,Amazing keyboard! I've been using it for weeks and the user interface is just perfect.,5,Home & Kitchen,Amazon
418,2024-12-01,Average book. The connectivity is neither great nor terrible.,2,Home & Kitchen,Amazon
73,2024-12-28,Really impressed with this book. Great camera quality and excellent customer service too.,5,Clothing & Shoes,Yelp
231,2024-12-14,The desk lamp is fairly standard. The connectivity performs adequately. Update: still works!,3,Home & Kitchen,Google Reviews
432,2024-11-01,Cheap quality running shoes. The user interface feels flimsy and unreliable.,2,Health & Beauty,Reddit
18,2024-03-05,I have an average opinion of this backpack. The camera quality is mediocre.,4,Clothing & Shoes,Yelp
278,2024-12-23,Best coffee maker I've ever used. The comfort works flawlessly and the quality is top-notch. Perfect gift idea.,5,Books & Media,Amazon
253,2024-07-21,Top quality desk lamp. The sound quality works perfectly and shipping was fast too. Had to return it.,4,Home & Kitchen,Twitter
191,2024-12-01,Best headphones I've ever used. The packaging works flawlessly and the quality is top-notch.,4,Home & Kitchen,Reddit
151,2024-01-27,Very poor quality speakers. The build quality stopped working after one use.,1,Clothing & Shoes,Amazon
328,2024-08-22,I have an average opinion of this camera. The speed is mediocre.,3,Home & Kitchen,Twitter
251,2024-04-15,Very disappointed with this book. The ease of use is nothing like advertised.,1,Health & Beauty,Yelp
321,2024-05-06,Excellent purchase! This smart watch has the best value in its category.,4,Home & Kitchen,Twitter
408,2024-04-18,Great value for money. This book has an amazing value that works beautifully.,5,Books & Media,Yelp
71,2024-03-02,Mixed feelings about this blender. The packaging has pros and cons.,4,Health & Beauty,Twitter
214,2024-06-12,Really impressed with this headphones. Great screen display and excellent customer service too. Great for the price.,4,Home & Kitchen,Yelp
41,2024-10-13,Average tablet. The durability is neither great nor terrible.,2,Books & Media,Google Reviews
318,2024-09-07,Extremely frustrated with this wireless earbuds. The connectivity failed immediately. Update: still works!,1,Clothing & Shoes,Twitter
234,2024-03-15,Five stars! This laptop stand is outstanding. The value makes it worth every penny.,5,Home & Kitchen,Twitter
62,2024-08-02,Great value for money. This speakers has an amazing connectivity that works beautifully.,5,Health & Beauty,Google Reviews
366,2024-10-08,The coffee maker is fairly standard. The comfort performs adequately.,4,Clothing & Shoes,Twitter
207,2024-09-22,Average backpack. The user interface is neither great nor terrible.,3,Clothing & Shoes,Reddit
173,2024-03-08,Average backpack. The durability is neither great nor terrible.,4,Health & Beauty,Yelp
357,2024-01-05,Great value for money. This camera has an amazing design that works beautifully. Overpriced for what you get.,4,Home & Kitchen,Twitter
203,2024-09-09,I have an average opinion of this vacuum cleaner. The value is mediocre.,3,Electronics,Reddit
60,2024-07-31,I have an average opinion of this charger. The packaging is mediocre. Got it on sale.,3,Books & Media,Reddit
484,2024-08-10,Absolutely love this charger! The user interface is incredible and it exceeded all my expectations. Would buy again.,4,Electronics,Amazon
421,2024-11-22,I'm so glad I bought this keyboard. The durability is superb and it looks great too.,5,Books & Media,Reddit
236,2024-05-04,It's an acceptable tablet. The build quality could be better but it functions. Had to return it.,3,Electronics,Google Reviews
305,2024-10-28,Amazing wireless earbuds! I've been using it for weeks and the weight is just perfect. Got it on sale.,4,Health & Beauty,Amazon
329,2024-05-17,Mixed feelings about this blender. The comfort has pros and cons.,3,Home & Kitchen,Reddit
322,2024-05-01,Top quality headphones. The packaging works perfectly and shipping was fast too. Not recommended.,4,Clothing & Shoes,Google Reviews
200,2024-11-09,It's an acceptable coffee maker. The comfort could be better but it functions.,3,Home & Kitchen,Yelp
367,2024-03-07,Mixed feelings about this laptop stand. The camera quality has pros and cons.,3,Clothing & Shoes,Yelp
487,2024-10-26,Horrible experience with this book. The screen display doesn't work at all. Update: still works!,1,Electronics,Twitter
52,2024-09-18,Not worth the price. The design on this laptop stand is subpar at best.,1,Books & Media,Amazon
283,2024-10-05,Average monitor. The battery life is neither great nor terrible.,2,Health & Beauty,Twitter
350,2024-09-12,Horrible experience with this backpack. The camera quality doesn't work at all.,1,Health & Beauty,Amazon
127,2024-06-16,Not worth the price. The ease of use on this laptop stand is subpar at best.,2,Health & Beauty,Amazon
164,2024-05-26,This speakers changed my life! The performance is revolutionary and so easy to use.,5,Electronics,Twitter
45,2024-06-18,The durability on this smart watch is second to none. Very satisfied with my purchase.,5,Electronics,Twitter
15,2024-05-14,I'm so glad I bought this coffee maker. The design is superb and it looks great too.,4,Health & Beauty,Amazon
153,2024-02-26,Excellent purchase! This book has the best design in its category. Got it on sale.,5,Home & Kitchen,Google Reviews
183,2024-01-25,Wonderful speakers - the ease of use is outstanding and the build quality is solid. Great for the price.,4,Clothing & Shoes,Yelp
347,2024-12-02,Absolutely love this running shoes! The battery life is incredible and it exceeded all my expectations. Had to return it.,4,Clothing & Shoes,Twitter
281,2024-12-25,Excellent purchase! This printer has the best user interface in its category.,4,Clothing & Shoes,Twitter
168,2024-11-19,Mixed feelings about this coffee maker. The performance has pros and cons. Perfect gift idea.,3,Home & Kitchen,Twitter
355,2024-05-29,Top quality speakers. The connectivity works perfectly and shipping was fast too.,4,Health & Beauty,Reddit
235,2024-09-02,I have an average opinion of this smart watch. The camera quality is mediocre. Perfect gift idea.,3,Clothing & Shoes,Amazon
99,2024-12-02,Not bad but not great. This phone case's speed is just okay.,3,Health & Beauty,Yelp
316,2024-04-05,Extremely frustrated with this phone case. The value failed immediately.,1,Home & Kitchen,Yelp
360,2024-02-08,Terrible printer. The comfort stopped working after just a few days. Update: still works!,1,Health & Beauty,Google Reviews
156,2024-02-06,Not bad but not great. This wireless earbuds's ease of use is just okay.,2,Books & Media,Twitter
372,2024-05-07,Cheap quality headphones. The weight feels flimsy and unreliable.,2,Health & Beauty,Twitter
95,2024-10-27,This phone case gets the job done. The durability is functional but basic.,4,Electronics,Reddit
57,2024-09-15,The backpack is fairly standard. The weight performs adequately.,4,Books & Media,Google Reviews
331,2024-08-07,Total disappointment. This keyboard and its durability are both garbage.,1,Clothing & Shoes,Amazon
17,2024-07-04,Terrible tablet. The sound quality stopped working after just a few days. Great for the price.,1,Home & Kitchen,Amazon
336,2024-07-14,Decent book. The battery life does what it's supposed to do.,3,Clothing & Shoes,Amazon
112,2024-05-27,Could not be happier with my coffee maker. The screen display alone makes it a great buy.,4,Clothing & Shoes,Twitter
154,2024-01-04,It's an acceptable running shoes. The camera quality could be better but it functions. Would buy again.,3,Clothing & Shoes,Reddit
121,2024-12-14,"The keyboard is okay. The ease of use works as expected, nothing special. Had to return it.",3,Clothing & Shoes,Twitter
38,2024-01-02,The backpack works fine. The ease of use meets basic requirements.,3,Home & Kitchen,Amazon
349,2024-05-19,Five stars! This vacuum cleaner is outstanding. The sound quality makes it worth every penny.,5,Health & Beauty,Twitter
453,2024-02-10,Great value for money. This vacuum cleaner has an amazing ease of use that works beautifully. Great for the price.,4,Books & Media,Yelp
232,2024-05-27,Amazing mouse! I've been using it for weeks and the value is just perfect.,5,Clothing & Shoes,Yelp
2,2024-04-21,This wireless earbuds changed my life! The speed is revolutionary and so easy to use.,4,Clothing & Shoes,Google Reviews
163,2024-10-29,Save your money. This laptop stand has a terrible design that never works right.,2,Electronics,Reddit
100,2024-11-16,Do not recommend this smart watch. The comfort keeps malfunctioning.,1,Books & Media,Twitter
239,2024-04-28,The packaging on this backpack is second to none. Very satisfied with my purchase.,5,Health & Beauty,Twitter
14,2024-01-06,Very poor quality smart watch. The user interface stopped working after one use. Got it on sale.,2,Electronics,Google Reviews
252,2024-07-31,Terrible blender. The ease of use stopped working after just a few days.,2,Books & Media,Google Reviews
359,2024-07-30,Decent vacuum cleaner. The screen display does what it's supposed to do.,4,Home & Kitchen,Yelp
179,2024-08-18,Could not be happier with my phone case. The performance alone makes it a great buy.,4,Home & Kitchen,Twitter
256,2024-03-01,Could not be happier with my book. The comfort alone makes it a great buy.,5,Clothing & Shoes,Google Reviews
444,2024-06-17,This smart watch gets the job done. The sound quality is functional but basic. Had to return it.,3,Home & Kitchen,Yelp
206,2024-11-23,Great value for money. This running shoes has an amazing packaging that works beautifully.,5,Health & Beauty,Amazon
87,2024-11-06,This book is fantastic! The performance is exactly what I needed. Highly recommend!,5,Health & Beauty,Google Reviews
202,2024-03-21,I'm so glad I bought this tablet. The screen display is superb and it looks great too.,5,Clothing & Shoes,Reddit
103,2024-09-12,Awful smart watch. The packaging is broken out of the box and customer service won't help.,1,Home & Kitchen,Google Reviews
438,2024-11-12,Best coffee maker I've ever used. The weight works flawlessly and the quality is top-notch. Still testing it out.,4,Electronics,Reddit
302,2024-11-22,It's an acceptable headphones. The durability could be better but it functions.,4,Electronics,Twitter
26,2024-02-20,"The laptop stand is okay. The connectivity works as expected, nothing special. Great for the price.",4,Electronics,Google Reviews
42,2024-01-13,Not bad but not great. This tablet's camera quality is just okay. Would buy again.,3,Clothing & Shoes,Reddit
440,2024-09-03,"The wireless earbuds is okay. The sound quality works as expected, nothing special.",3,Home & Kitchen,Amazon
201,2024-08-15,Not worth the price. The sound quality on this headphones is subpar at best.,1,Electronics,Reddit
445,2024-07-23,Superb camera with an excellent weight. Would definitely buy again!,5,Books & Media,Reddit
392,2024-10-03,This tablet is a complete waste of money. The screen display broke within a week. Perfect gift idea.,2,Home & Kitchen,Reddit
192,2024-06-22,The headphones is fairly standard. The camera quality performs adequately.,3,Clothing & Shoes,Yelp
31,2024-10-18,This phone case changed my life! The sound quality is revolutionary and so easy to use.,4,Clothing & Shoes,Google Reviews
169,2024-02-11,Mixed feelings about this keyboard. The performance has pros and cons. Would buy again.,2,Health & Beauty,Amazon
222,2024-03-14,Save your money. This camera has a terrible build quality that never works right. Not recommended.,2,Clothing & Shoes,Google Reviews
270,2024-05-13,Total disappointment. This mouse and its ease of use are both garbage. Great for the price.,2,Home & Kitchen,Google Reviews
431,2024-06-05,Superb phone case with an excellent design. Would definitely buy again!,5,Clothing & Shoes,Twitter
189,2024-09-02,Decent charger. The build quality does what it's supposed to do.,3,Clothing & Shoes,Amazon
102,2024-10-09,This coffee maker is fantastic! The ease of use is exactly what I needed. Highly recommend!,4,Books & Media,Twitter
422,2024-05-30,Average smart watch. The durability is neither great nor terrible.,3,Electronics,Yelp
457,2024-12-02,Very disappointed with this coffee maker. The connectivity is nothing like advertised. Had to return it.,1,Home & Kitchen,Yelp
89,2024-05-15,This backpack is fantastic! The sound quality is exactly what I needed. Highly recommend! Got it on sale.,4,Electronics,Amazon
148,2024-05-16,The keyboard works fine. The user interface meets basic requirements. Not recommended.,3,Electronics,Amazon
158,2024-11-12,Decent printer. The screen display does what it's supposed to do. Perfect gift idea.,3,Books & Media,Reddit
269,2024-04-14,I have an average opinion of this monitor. The design is mediocre. Overpriced for what you get.,3,Books & Media,Amazon
261,2024-09-14,This monitor gets the job done. The user interface is functional but basic. Not recommended.,3,Home & Kitchen,Amazon
476,2024-11-01,Superb keyboard with an excellent weight. Would definitely buy again!,5,Electronics,Google Reviews
482,2024-01-23,Horrible experience with this book. The sound quality doesn't work at all.,1,Home & Kitchen,Amazon
474,2024-08-17,Average backpack. The screen display is neither great nor terrible. Got it on sale.,2,Clothing & Shoes,Twitter
212,2024-11-24,Do not recommend this camera. The design keeps malfunctioning.,2,Home & Kitchen,Yelp
105,2024-06-23,Superb wireless earbuds with an excellent design. Would definitely buy again!,5,Health & Beauty,Reddit
498,2024-10-02,Decent laptop stand. The battery life does what it's supposed to do.,3,Clothing & Shoes,Reddit
142,2024-06-22,Not bad but not great. This coffee maker's user interface is just okay.,3,Books & Media,Yelp
433,2024-03-25,Do not recommend this tablet. The comfort keeps malfunctioning.,1,Books & Media,Twitter
217,2024-09-11,Cheap quality book. The ease of use feels flimsy and unreliable.,2,Electronics,Twitter
134,2024-01-02,Average blender. The camera quality is neither great nor terrible.,4,Home & Kitchen,Amazon
130,2024-11-11,"The headphones is okay. The speed works as expected, nothing special.",3,Books & Media,Reddit
219,2024-03-09,Not bad but not great. This headphones's build quality is just okay.,3,Home & Kitchen,Reddit
80,2024-12-25,This smart watch is a complete waste of money. The connectivity broke within a week. Still testing it out.,2,Books & Media,Reddit
55,2024-12-18,Great value for money. This printer has an amazing connectivity that works beautifully. Overpriced for what you get.,4,Electronics,Twitter
401,2024-03-16,Horrible experience with this laptop stand. The sound quality doesn't work at all. Got it on sale.,1,Health & Beauty,Reddit
286,2024-06-23,This camera changed my life! The user interface is revolutionary and so easy to use. Update: still works!,4,Health & Beauty,Google Reviews
162,2024-11-21,Mixed feelings about this running shoes. The ease of use has pros and cons. Great for the price.,3,Health & Beauty,Reddit
461,2024-10-28,I regret buying this wireless earbuds. The build quality is poorly designed.,1,Health & Beauty,Amazon
426,2024-03-11,Cheap quality vacuum cleaner. The ease of use feels flimsy and unreliable. Not recommended.,1,Clothing & Shoes,Reddit
282,2024-09-27,It's an acceptable vacuum cleaner. The weight could be better but it functions. Would buy again.,3,Electronics,Amazon
478,2024-10-01,Amazing tablet! I've been using it for weeks and the speed is just perfect.,5,Books & Media,Twitter
314,2024-06-05,Amazing running shoes! I've been using it for weeks and the performance is just perfect.,4,Electronics,Amazon
337,2024-04-19,This charger changed my life! The speed is revolutionary and so easy to use. Would buy again.,5,Clothing & Shoes,Yelp
415,2024-12-30,Not bad but not great. This headphones's ease of use is just okay. Great for the price.,2,Home & Kitchen,Yelp
3,2024-04-22,The wireless earbuds works fine. The durability meets basic requirements.,3,Books & Media,Google Reviews
97,2024-03-23,Top quality mouse. The design works perfectly and shipping was fast too.,4,Home & Kitchen,Yelp
132,2024-02-16,"The phone case is okay. The user interface works as expected, nothing special. Not recommended.",3,Clothing & Shoes,Google Reviews
210,2024-06-21,"The laptop stand is okay. The build quality works as expected, nothing special.",4,Health & Beauty,Twitter
439,2024-04-13,The backpack works fine. The build quality meets basic requirements.,4,Home & Kitchen,Yelp
358,2024-09-08,The laptop stand works fine. The build quality meets basic requirements.,3,Electronics,Amazon
43,2024-08-28,Superb charger with an excellent value. Would definitely buy again! Still testing it out.,4,Clothing & Shoes,Amazon
464,2024-05-07,Horrible experience with this keyboard. The ease of use doesn't work at all.,1,Home & Kitchen,Yelp
245,2024-04-30,Amazing keyboard! I've been using it for weeks and the battery life is just perfect. Had to return it.,5,Books & Media,Reddit
131,2024-02-20,Mixed feelings about this phone case. The performance has pros and cons. Would buy again.,2,Home & Kitchen,Google Reviews
475,2024-03-07,Superb smart watch with an excellent battery life. Would definitely buy again! Not recommended.,5,Clothing & Shoes,Google Reviews
218,2024-01-25,Excellent purchase! This speakers has the best weight in its category.,5,Electronics,Reddit
51,2024-05-26,This speakers gets the job done. The user interface is functional but basic.,2,Clothing & Shoes,Yelp
295,2024-06-19,Great value for money. This monitor has an amazing ease of use that works beautifully. Perfect gift idea.,5,Health & Beauty,Yelp
180,2024-07-10,Amazing coffee maker! I've been using it for weeks and the user interface is just perfect.,4,Clothing & Shoes,Twitter
196,2024-11-07,Average laptop stand. The connectivity is neither great nor terrible.,3,Books & Media,Twitter
312,2024-12-09,Not worth the price. The performance on this monitor is subpar at best.,2,Books & Media,Google Reviews
334,2024-08-15,Top quality monitor. The screen display works perfectly and shipping was fast too.,4,Electronics,Twitter
220,2024-07-04,Very disappointed with this camera. The ease of use is nothing like advertised.,1,Health & Beauty,Reddit
272,2024-10-26,Five stars! This running shoes is outstanding. The speed makes it worth every penny. Got it on sale.,5,Health & Beauty,Yelp
442,2024-05-31,Terrible coffee maker. The durability stopped working after just a few days.,1,Home & Kitchen,Yelp
465,2024-12-24,Superb blender with an excellent user interface. Would definitely buy again!,5,Health & Beauty,Reddit
216,2024-06-16,Do not recommend this backpack. The weight keeps malfunctioning.,1,Health & Beauty,Reddit
448,2024-03-07,Decent printer. The ease of use does what it's supposed to do. Update: still works!,3,Books & Media,Yelp
221,2024-12-14,Really impressed with this coffee maker. Great performance and excellent customer service too. Had to return it.,5,Health & Beauty,Twitter
1,2024-05-20,Worst purchase ever. The sound quality on this coffee maker is completely unusable.,1,Clothing & Shoes,Amazon
277,2024-10-09,Absolutely love this book! The camera quality is incredible and it exceeded all my expectations.,5,Books & Media,Twitter
400,2024-04-18,Absolutely love this printer! The sound quality is incredible and it exceeded all my expectations.,4,Clothing & Shoes,Amazon
67,2024-04-24,Great value for money. This wireless earbuds has an amazing connectivity that works beautifully.,5,Electronics,Twitter
352,2024-04-01,Great value for money. This printer has an amazing connectivity that works beautifully. Got it on sale.,4,Electronics,Google Reviews
48,2024-12-09,Not bad but not great. This laptop stand's user interface is just okay.,3,Clothing & Shoes,Reddit
398,2024-02-01,Cheap quality blender. The weight feels flimsy and unreliable.,2,Books & Media,Google Reviews
496,2024-08-11,Average monitor. The weight is neither great nor terrible.,3,Home & Kitchen,Reddit
273,2024-09-12,This mouse is a complete waste of money. The weight broke within a week.,1,Health & Beauty,Reddit
20,2024-04-25,Terrible vacuum cleaner. The connectivity stopped working after just a few days.,1,Electronics,Reddit
348,2024-05-12,Worst purchase ever. The screen display on this smart watch is completely unusable.,1,Clothing & Shoes,Reddit
490,2024-01-22,Extremely frustrated with this camera. The sound quality failed immediately. Had to return it.,1,Electronics,Google Reviews
244,2024-07-24,Worst purchase ever. The user interface on this mouse is completely unusable.,1,Electronics,Amazon
91,2024-04-29,Not worth the price. The packaging on this desk lamp is subpar at best. Still testing it out.,1,Home & Kitchen,Google Reviews
50,2024-08-03,Extremely frustrated with this vacuum cleaner. The design failed immediately.,1,Books & Media,Amazon
354,2024-02-05,The monitor works fine. The sound quality meets basic requirements.,3,Books & Media,Reddit
404,2024-05-15,This speakers gets the job done. The weight is functional but basic. Update: still works!,3,Books & Media,Yelp
215,2024-05-06,Absolutely love this keyboard! The performance is incredible and it exceeded all my expectations.,5,Clothing & Shoes,Twitter
259,2024-05-03,Very disappointed with this speakers. The build quality is nothing like advertised.,1,Clothing & Shoes,Twitter
268,2024-06-04,It's an acceptable coffee maker. The weight could be better but it functions.,2,Electronics,Amazon
104,2024-08-21,Not bad but not great. This desk lamp's comfort is just okay.,3,Health & Beauty,Amazon
9,2024-12-18,Wonderful monitor - the build quality is outstanding and the build quality is solid.,4,Health & Beauty,Amazon
56,2024-05-07,Worst purchase ever. The user interface on this charger is completely unusable.,2,Electronics,Yelp
68,2024-03-05,Extremely frustrated with this desk lamp. The ease of use failed immediately.,1,Books & Media,Twitter
198,2024-07-06,Not worth the price. The connectivity on this smart watch is subpar at best.,2,Books & Media,Reddit
434,2024-03-04,Cheap quality smart watch. The build quality feels flimsy and unreliable.,1,Home & Kitchen,Twitter
396,2024-01-23,Excellent purchase! This smart watch has the best connectivity in its category.,5,Home & Kitchen,Yelp
36,2024-05-15,Top quality blender. The comfort works perfectly and shipping was fast too. Perfect gift idea.,4,Electronics,Twitter
386,2024-11-23,"The smart watch is okay. The speed works as expected, nothing special. Would buy again.",3,Home & Kitchen,Yelp
306,2024-02-29,The monitor works fine. The ease of use meets basic requirements.,3,Clothing & Shoes,Reddit
455,2024-11-05,The speed on this book is second to none. Very satisfied with my purchase.,4,Health & Beauty,Reddit
176,2024-05-24,I have an average opinion of this printer. The durability is mediocre.,3,Books & Media,Google Reviews
399,2024-02-10,I'm so glad I bought this vacuum cleaner. The comfort is superb and it looks great too. Great for the price.,5,Books & Media,Twitter
466,2024-04-21,This keyboard gets the job done. The value is functional but basic.,3,Clothing & Shoes,Amazon
500,2024-11-30,Not bad but not great. This tablet's design is just okay. Overpriced for what you get.,3,Clothing & Shoes,Reddit
479,2024-04-21,Excellent purchase! This blender has the best battery life in its category. Had to return it.,5,Health & Beauty,Google Reviews
320,2024-07-06,Great value for money. This charger has an amazing speed that works beautifully.,5,Health & Beauty,Twitter
94,2024-06-14,Terrible laptop stand. The connectivity stopped working after just a few days.,1,Health & Beauty,Reddit
299,2024-04-17,Would give zero stars if I could. The packaging on this laptop stand is a joke.,1,Books & Media,Reddit
74,2024-08-26,The monitor works fine. The connectivity meets basic requirements.,3,Books & Media,Google Reviews
308,2024-01-12,Average tablet. The durability is neither great nor terrible.,3,Home & Kitchen,Twitter
383,2024-06-06,Average wireless earbuds. The performance is neither great nor terrible.,3,Home & Kitchen,Amazon
471,2024-10-14,Could not be happier with my tablet. The design alone makes it a great buy.,4,Clothing & Shoes,Google Reviews
88,2024-08-07,Extremely frustrated with this phone case. The screen display failed immediately.,2,Home & Kitchen,Google Reviews
391,2024-03-25,Worst purchase ever. The screen display on this phone case is completely unusable. Still testing it out.,1,Health & Beauty,Yelp
242,2024-02-27,Awful charger. The camera quality is broken out of the box and customer service won't help.,1,Home & Kitchen,Amazon
311,2024-02-02,Great value for money. This blender has an amazing durability that works beautifully. Still testing it out.,4,Health & Beauty,Twitter
230,2024-06-09,Total disappointment. This blender and its user interface are both garbage.,1,Clothing & Shoes,Yelp
111,2024-06-17,Amazing mouse! I've been using it for weeks and the build quality is just perfect.,4,Health & Beauty,Yelp
44,2024-04-08,Five stars! This laptop stand is outstanding. The camera quality makes it worth every penny. Overpriced for what you get.,4,Books & Media,Reddit
146,2024-09-03,Amazing blender! I've been using it for weeks and the value is just perfect. Update: still works!,4,Clothing & Shoes,Twitter
397,2024-12-22,Not worth the price. The packaging on this headphones is subpar at best.,1,Electronics,Twitter
10,2024-05-17,This monitor gets the job done. The speed is functional but basic.,3,Electronics,Amazon
327,2024-05-22,I regret buying this monitor. The battery life is poorly designed.,1,Home & Kitchen,Yelp
289,2024-07-03,"The keyboard is okay. The ease of use works as expected, nothing special. Update: still works!",2,Electronics,Twitter
307,2024-08-31,Awful charger. The user interface is broken out of the box and customer service won't help.,2,Electronics,Yelp
423,2024-02-15,It's an acceptable keyboard. The packaging could be better but it functions.,3,Clothing & Shoes,Reddit
424,2024-10-26,Superb coffee maker with an excellent weight. Would definitely buy again! Perfect gift idea.,5,Home & Kitchen,Yelp
93,2024-12-24,Save your money. This blender has a terrible weight that never works right.,2,Books & Media,Reddit
133,2024-02-05,This desk lamp gets the job done. The connectivity is functional but basic. Not recommended.,3,Health & Beauty,Amazon
86,2024-01-28,Very poor quality vacuum cleaner. The design stopped working after one use. Still testing it out.,1,Clothing & Shoes,Amazon
29,2024-02-01,Terrible vacuum cleaner. The weight stopped working after just a few days.,2,Home & Kitchen,Twitter
76,2024-06-30,Five stars! This speakers is outstanding. The camera quality makes it worth every penny.,4,Home & Kitchen,Reddit
378,2024-10-04,The phone case is fairly standard. The sound quality performs adequately. Perfect gift idea.,3,Home & Kitchen,Amazon
454,2024-09-11,Cheap quality printer. The build quality feels flimsy and unreliable.,1,Electronics,Twitter
263,2024-01-25,Very poor quality book. The user interface stopped working after one use.,1,Home & Kitchen,Yelp
323,2024-01-31,I have an average opinion of this smart watch. The durability is mediocre. Update: still works!,3,Health & Beauty,Reddit
69,2024-11-06,Average keyboard. The screen display is neither great nor terrible.,3,Health & Beauty,Twitter
385,2024-03-13,This headphones is fantastic! The user interface is exactly what I needed. Highly recommend! Would buy again.,5,Home & Kitchen,Twitter
304,2024-09-22,Top quality vacuum cleaner. The connectivity works perfectly and shipping was fast too.,4,Health & Beauty,Google Reviews
294,2024-11-16,This desk lamp changed my life! The ease of use is revolutionary and so easy to use. Update: still works!,4,Books & Media,Google Reviews
66,2024-05-22,Superb laptop stand with an excellent weight. Would definitely buy again! Overpriced for what you get.,5,Books & Media,Reddit
23,2024-02-18,Mixed feelings about this printer. The packaging has pros and cons.,3,Electronics,Yelp
125,2024-02-16,The blender works fine. The screen display meets basic requirements.,2,Books & Media,Twitter
12,2024-07-23,Worst purchase ever. The weight on this book is completely unusable.,2,Home & Kitchen,Amazon
211,2024-11-29,Not bad but not great. This speakers's battery life is just okay.,2,Clothing & Shoes,Google Reviews
332,2024-12-01,Decent headphones. The durability does what it's supposed to do. Update: still works!,3,Home & Kitchen,Reddit
83,2024-03-05,Absolutely love this blender! The design is incredible and it exceeded all my expectations.,5,Home & Kitchen,Twitter
303,2024-12-12,Great value for money. This printer has an amazing screen display that works beautifully. Update: still works!,4,Books & Media,Reddit
108,2024-08-30,Wonderful running shoes - the weight is outstanding and the build quality is solid.,4,Books & Media,Yelp
389,2024-05-30,The coffee maker works fine. The sound quality meets basic requirements. Got it on sale.,3,Electronics,Reddit
246,2024-12-07,The backpack works fine. The performance meets basic requirements.,3,Electronics,Yelp
346,2024-01-30,Not bad but not great. This coffee maker's ease of use is just okay.,3,Clothing & Shoes,Twitter
417,2024-06-01,Very disappointed with this monitor. The camera quality is nothing like advertised.,2,Electronics,Yelp
59,2024-06-12,Really impressed with this running shoes. Great connectivity and excellent customer service too. Not recommended.,5,Health & Beauty,Twitter
369,2024-08-09,Absolutely love this camera! The packaging is incredible and it exceeded all my expectations. Still testing it out.,5,Books & Media,Yelp
170,2024-11-25,Wonderful book - the sound quality is outstanding and the build quality is solid.,5,Home & Kitchen,Amazon
213,2024-08-13,The desk lamp is fairly standard. The user interface performs adequately.,3,Books & Media,Yelp
410,2024-01-17,Mixed feelings about this desk lamp. The camera quality has pros and cons. Great for the price.,3,Books & Media,Twitter
339,2024-11-03,Great value for money. This wireless earbuds has an amazing design that works beautifully. Perfect gift idea.,5,Health & Beauty,Reddit
61,2024-12-22,Could not be happier with my mouse. The battery life alone makes it a great buy.,5,Electronics,Google Reviews
368,2024-04-11,Best monitor I've ever used. The screen display works flawlessly and the quality is top-notch. Great for the price.,4,Books & Media,Amazon
309,2024-08-24,Wonderful backpack - the durability is outstanding and the build quality is solid.,5,Clothing & Shoes,Yelp
186,2024-10-10,Would give zero stars if I could. The build quality on this mouse is a joke.,2,Electronics,Yelp
81,2024-10-01,This mouse is fantastic! The camera quality is exactly what I needed. Highly recommend!,4,Clothing & Shoes,Amazon
96,2024-04-02,The laptop stand is fairly standard. The weight performs adequately. Had to return it.,2,Health & Beauty,Yelp
77,2024-02-13,I regret buying this blender. The connectivity is poorly designed.,1,Clothing & Shoes,Yelp
109,2024-06-18,Best book I've ever used. The ease of use works flawlessly and the quality is top-notch. Not recommended.,5,Electronics,Yelp
144,2024-03-07,This blender gets the job done. The user interface is functional but basic.,2,Health & Beauty,Twitter
330,2024-12-15,Very disappointed with this charger. The battery life is nothing like advertised. Not recommended.,2,Electronics,Twitter
486,2024-08-09,Cheap quality coffee maker. The battery life feels flimsy and unreliable.,1,Home & Kitchen,Twitter
429,2024-01-03,It's an acceptable headphones. The battery life could be better but it functions.,3,Electronics,Google Reviews
118,2024-05-01,Mixed feelings about this vacuum cleaner. The design has pros and cons.,3,Books & Media,Google Reviews
488,2024-08-12,Would give zero stars if I could. The weight on this wireless earbuds is a joke. Still testing it out.,2,Books & Media,Yelp
226,2024-11-18,The smart watch is fairly standard. The connectivity performs adequately.,3,Electronics,Google Reviews
485,2024-10-12,Superb tablet with an excellent camera quality. Would definitely buy again!,5,Electronics,Google Reviews
257,2024-01-12,Wonderful blender - the packaging is outstanding and the build quality is solid.,4,Home & Kitchen,Yelp
4,2024-04-20,Best camera I've ever used. The screen display works flawlessly and the quality is top-notch. Had to return it.,4,Home & Kitchen,Twitter
310,2024-11-10,Extremely frustrated with this printer. The performance failed immediately. Still testing it out.,1,Clothing & Shoes,Yelp
247,2024-06-08,Mixed feelings about this speakers. The connectivity has pros and cons. Not recommended.,3,Electronics,Reddit
459,2024-07-28,This desk lamp gets the job done. The speed is functional but basic. Got it on sale.,3,Electronics,Reddit
469,2024-01-28,Five stars! This backpack is outstanding. The design makes it worth every penny.,4,Electronics,Amazon
177,2024-05-08,Mixed feelings about this blender. The screen display has pros and cons.,3,Electronics,Yelp
419,2024-07-25,"The mouse is okay. The design works as expected, nothing special. Got it on sale.",4,Home & Kitchen,Amazon
181,2024-08-29,Excellent purchase! This speakers has the best battery life in its category.,5,Clothing & Shoes,Yelp
208,2024-05-25,This blender is fantastic! The camera quality is exactly what I needed. Highly recommend! Update: still works!,5,Electronics,Reddit
430,2024-04-07,It's an acceptable tablet. The value could be better but it functions. Would buy again.,4,Electronics,Twitter
115,2024-03-14,Wonderful smart watch - the ease of use is outstanding and the build quality is solid.,5,Clothing & Shoes,Yelp
436,2024-08-30,Top quality wireless earbuds. The design works perfectly and shipping was fast too.,5,Clothing & Shoes,Amazon
129,2024-07-17,I have an average opinion of this printer. The comfort is mediocre.,3,Books & Media,Reddit
265,2024-10-14,I have an average opinion of this book. The comfort is mediocre. Update: still works!,3,Books & Media,Yelp
40,2024-01-22,The value on this phone case is second to none. Very satisfied with my purchase. Still testing it out.,4,Home & Kitchen,Reddit
443,2024-12-12,Decent coffee maker. The build quality does what it's supposed to do. Not recommended.,2,Home & Kitchen,Yelp
492,2024-01-28,I have an average opinion of this laptop stand. The design is mediocre.,4,Health & Beauty,Yelp
301,2024-09-30,Save your money. This phone case has a terrible value that never works right.,1,Health & Beauty,Yelp
188,2024-03-09,I have an average opinion of this monitor. The durability is mediocre.,2,Electronics,Reddit
194,2024-08-16,Average charger. The value is neither great nor terrible.,2,Health & Beauty,Yelp
335,2024-09-01,Cheap quality laptop stand. The screen display feels flimsy and unreliable. Had to return it.,1,Electronics,Amazon
193,2024-08-08,I have an average opinion of this keyboard. The user interface is mediocre. Had to return it.,3,Health & Beauty,Amazon
90,2024-08-28,Do not recommend this keyboard. The design keeps malfunctioning.,2,Home & Kitchen,Twitter
292,2024-10-13,I have an average opinion of this backpack. The performance is mediocre. Update: still works!,3,Clothing & Shoes,Google Reviews
279,2024-05-16,Horrible experience with this camera. The ease of use doesn't work at all.,2,Books & Media,Twitter
297,2024-11-20,Great value for money. This tablet has an amazing user interface that works beautifully. Got it on sale.,4,Books & Media,Google Reviews
135,2024-03-08,Great value for money. This tablet has an amazing user interface that works beautifully. Update: still works!,4,Electronics,Reddit
380,2024-06-14,Really impressed with this vacuum cleaner. Great comfort and excellent customer service too.,4,Electronics,Twitter
428,2024-09-07,Extremely frustrated with this printer. The packaging failed immediately.,1,Electronics,Amazon
141,2024-09-15,Very disappointed with this coffee maker. The speed is nothing like advertised.,1,Health & Beauty,Yelp
425,2024-02-06,Save your money. This coffee maker has a terrible performance that never works right.,2,Books & Media,Amazon
325,2024-12-25,Average monitor. The connectivity is neither great nor terrible.,3,Clothing & Shoes,Amazon
267,2024-01-21,This blender gets the job done. The speed is functional but basic.,4,Electronics,Amazon
361,2024-12-24,The smart watch is fairly standard. The connectivity performs adequately. Still testing it out.,3,Home & Kitchen,Reddit
53,2024-02-17,Do not recommend this desk lamp. The comfort keeps malfunctioning. Still testing it out.,2,Clothing & Shoes,Reddit
166,2024-08-18,Awful laptop stand. The durability is broken out of the box and customer service won't help. Great for the price.,1,Electronics,Reddit
333,2024-08-07,"The desk lamp is okay. The weight works as expected, nothing special. Perfect gift idea.",3,Electronics,Twitter
472,2024-07-17,I'm so glad I bought this phone case. The battery life is superb and it looks great too.,5,Books & Media,Reddit
24,2024-11-30,Not bad but not great. This monitor's screen display is just okay. Still testing it out.,3,Electronics,Twitter
452,2024-06-13,Five stars! This phone case is outstanding. The connectivity makes it worth every penny.,5,Clothing & Shoes,Reddit
233,2024-05-20,This blender gets the job done. The performance is functional but basic.,3,Home & Kitchen,Twitter
241,2024-05-25,Save your money. This mouse has a terrible comfort that never works right.,2,Books & Media,Google Reviews
199,2024-09-12,The screen display on this blender is second to none. Very satisfied with my purchase. Update: still works!,4,Health & Beauty,Yelp
185,2024-10-19,Not worth the price. The value on this laptop stand is subpar at best. Overpriced for what you get.,1,Books & Media,Amazon
406,2024-01-11,The smart watch works fine. The weight meets basic requirements.,2,Home & Kitchen,Reddit
266,2024-02-10,Best blender I've ever used. The speed works flawlessly and the quality is top-notch. Got it on sale.,4,Books & Media,Reddit
106,2024-12-03,The blender is fairly standard. The weight performs adequately. Overpriced for what you get.,4,Books & Media,Amazon
343,2024-01-21,I'm so glad I bought this keyboard. The packaging is superb and it looks great too.,4,Electronics,Yelp
22,2024-04-19,Top quality vacuum cleaner. The weight works perfectly and shipping was fast too. Great for the price.,5,Health & Beauty,Amazon
120,2024-11-06,It's an acceptable speakers. The camera quality could be better but it functions.,3,Home & Kitchen,Amazon
190,2024-06-10,Not bad but not great. This blender's weight is just okay. Still testing it out.,3,Home & Kitchen,Google Reviews
136,2024-08-03,Top quality laptop stand. The weight works perfectly and shipping was fast too.,4,Health & Beauty,Twitter
33,2024-08-22,"The charger is okay. The screen display works as expected, nothing special. Still testing it out.",2,Home & Kitchen,Twitter
119,2024-07-21,This phone case changed my life! The weight is revolutionary and so easy to use.,4,Home & Kitchen,Twitter
250,2024-09-15,I'm so glad I bought this running shoes. The durability is superb and it looks great too. Overpriced for what you get.,5,Clothing & Shoes,Google Reviews
390,2024-10-07,This speakers changed my life! The weight is revolutionary and so easy to use.,4,Electronics,Reddit
113,2024-01-24,The headphones works fine. The value meets basic requirements.,3,Home & Kitchen,Twitter
21,2024-11-19,Best phone case I've ever used. The user interface works flawlessly and the quality is top-notch. Still testing it out.,4,Electronics,Amazon
184,2024-11-19,Do not recommend this running shoes. The design keeps malfunctioning.,1,Health & Beauty,Google Reviews
248,2024-11-06,Awful blender. The weight is broken out of the box and customer service won't help.,1,Home & Kitchen,Yelp
375,2024-05-03,Superb phone case with an excellent connectivity. Would definitely buy again!,4,Home & Kitchen,Google Reviews
377,2024-01-15,This running shoes gets the job done. The speed is functional but basic.,4,Home & Kitchen,Google Reviews
75,2024-05-04,This camera changed my life! The user interface is revolutionary and so easy to use. Had to return it.,5,Books & Media,Google Reviews
447,2024-12-13,Extremely frustrated with this camera. The value failed immediately.,2,Books & Media,Amazon
338,2024-10-28,Could not be happier with my monitor. The comfort alone makes it a great buy. Would buy again.,4,Books & Media,Reddit
481,2024-05-11,"The book is okay. The value works as expected, nothing special.",3,Health & Beauty,Reddit
290,2024-04-05,I'm so glad I bought this blender. The packaging is superb and it looks great too. Would buy again.,4,Books & Media,Yelp
92,2024-03-13,Worst purchase ever. The design on this keyboard is completely unusable.,2,Electronics,Twitter
82,2024-11-01,It's an acceptable keyboard. The connectivity could be better but it functions. Update: still works!,4,Home & Kitchen,Twitter
229,2024-08-29,Save your money. This desk lamp has a terrible user interface that never works right.,2,Electronics,Amazon
72,2024-06-23,Superb mouse with an excellent screen display. Would definitely buy again!,4,Electronics,Yelp
264,2024-07-11,I regret buying this tablet. The connectivity is poorly designed. Not recommended.,2,Clothing & Shoes,Google Reviews
388,2024-06-28,Very disappointed with this mouse. The connectivity is nothing like advertised. Would buy again.,1,Health & Beauty,Yelp
85,2024-05-09,Superb laptop stand with an excellent performance. Would definitely buy again!,4,Books & Media,Twitter
351,2024-02-29,"The phone case is okay. The battery life works as expected, nothing special. Great for the price.",3,Clothing & Shoes,Google Reviews
315,2024-08-04,Wonderful blender - the durability is outstanding and the build quality is solid.,5,Clothing & Shoes,Yelp
413,2024-04-19,Wonderful desk lamp - the camera quality is outstanding and the build quality is solid.,5,Clothing & Shoes,Amazon
435,2024-11-30,Top quality coffee maker. The packaging works perfectly and shipping was fast too.,4,Electronics,Twitter
123,2024-09-28,Average smart watch. The weight is neither great nor terrible.,2,Health & Beauty,Reddit
340,2024-07-19,Very poor quality tablet. The weight stopped working after one use. Still testing it out.,1,Home & Kitchen,Twitter
6,2024-07-04,Decent phone case. The connectivity does what it's supposed to do.,4,Health & Beauty,Amazon
258,2024-08-23,The desk lamp works fine. The screen display meets basic requirements. Got it on sale.,3,Home & Kitchen,Amazon
187,2024-01-09,Mixed feelings about this tablet. The screen display has pros and cons.,2,Home & Kitchen,Twitter
204,2024-11-09,The camera works fine. The weight meets basic requirements.,3,Electronics,Twitter
47,2024-10-22,Terrible printer. The battery life stopped working after just a few days.,1,Clothing & Shoes,Reddit
262,2024-04-23,The phone case works fine. The durability meets basic requirements.,4,Books & Media,Reddit
